"Title","SubTitle"
"Transmission (Two Port)",""
"Parameter Name","Setting"
"Resolution:","2065"
"CAL:","On (2PFP)"
"RF Immunity:","Low"
"Std:","None"
"Smoothing %: ","OFF"
"Date:","woensdag 20 april 2016"
"Time:","9:46:07"
"Avg. Cable Loss:","4.62 dB"
"Model:","S820E"
"Serial:","1520066"
"Marker Data"
"Marker","Frequency(MHz)","Value"
"Limit Off"
"Point Data"
"Frequency(MHz)","Transmission (Two Port)"
"1000","-24.4560460029198"
"1002.42248062016","-23.8994573733096"
"1004.84496124031","-23.4866711606729"
"1007.26744186047","-23.1481961367651"
"1009.68992248062","-22.788693799226"
"1012.11240310078","-22.5780563655402"
"1014.53488372093","-22.2739059359382"
"1016.95736434109","-21.8920417726105"
"1019.37984496124","-21.6559808456185"
"1021.8023255814","-21.4467657724905"
"1024.22480620155","-21.2794002974064"
"1026.64728682171","-21.1397075344686"
"1029.06976744186","-20.9980573193443"
"1031.49224806202","-20.8311641121608"
"1033.91472868217","-20.6340951077458"
"1036.33720930233","-20.4080144742092"
"1038.75968992248","-20.1733248664922"
"1041.18217054264","-19.9287345083086"
"1043.60465116279","-19.6946794787019"
"1046.02713178295","-19.4694337292496"
"1048.4496124031","-19.2502745885661"
"1050.87209302326","-19.0419175130826"
"1053.29457364341","-18.8602287264475"
"1055.71705426357","-18.6931762437997"
"1058.13953488372","-18.5548202636143"
"1060.56201550388","-18.4263081133235"
"1062.98449612403","-18.3155221115911"
"1065.40697674419","-18.2371805378355"
"1067.82945736434","-18.1800144160831"
"1070.2519379845","-18.1387846369667"
"1072.67441860465","-18.1055059043297"
"1075.09689922481","-18.097550003193"
"1077.51937984496","-18.087510262423"
"1079.94186046512","-18.0832852385976"
"1082.36434108527","-18.0823480207627"
"1084.78682170543","-18.077917369291"
"1087.20930232558","-18.0576731202702"
"1089.63178294574","-18.0299557276398"
"1092.05426356589","-17.9778382015279"
"1094.47674418605","-17.9142347784463"
"1096.8992248062","-17.8212837812181"
"1099.32170542636","-17.7163769624545"
"1101.74418604651","-17.590629312374"
"1104.16666666667","-17.4507115774933"
"1106.58914728682","-17.3028397808017"
"1109.01162790698","-17.1505432128845"
"1111.43410852713","-17.002197296042"
"1113.85658914729","-16.8709920321051"
"1116.27906976744","-16.7977366794016"
"1118.7015503876","-16.7656581765232"
"1121.12403100775","-16.8177152698622"
"1123.54651162791","-16.888678985676"
"1125.96899224806","-16.888783193697"
"1128.39147286822","-16.8392871323495"
"1130.81395348837","-16.7596945554852"
"1133.23643410853","-16.6918399460256"
"1135.65891472868","-16.628081064855"
"1138.08139534884","-16.5897705314176"
"1140.50387596899","-16.5696692648301"
"1142.92635658915","-16.5648633949151"
"1145.3488372093","-16.5672910765088"
"1147.77131782946","-16.5651854116877"
"1150.19379844961","-16.5588344505991"
"1152.61627906977","-16.542835257042"
"1155.03875968992","-16.512232107062"
"1157.46124031008","-16.4676331822521"
"1159.88372093023","-16.4079194070273"
"1162.30620155039","-16.3279258313459"
"1164.72868217054","-16.2384622381101"
"1167.1511627907","-16.131117397744"
"1169.57364341085","-16.0000824886867"
"1171.99612403101","-15.8735100458479"
"1174.41860465116","-15.745473345272"
"1176.84108527132","-15.6307110247379"
"1179.26356589147","-15.5429873997977"
"1181.68604651163","-15.4936193305442"
"1184.10852713178","-15.4802700588455"
"1186.53100775194","-15.5437026822542"
"1188.95348837209","-15.667277260882"
"1191.37596899225","-15.8557889772752"
"1193.7984496124","-16.1584761777325"
"1196.22093023256","-16.6106656259503"
"1198.64341085271","-17.0264449561914"
"1201.06589147287","-17.4649073593788"
"1203.48837209302","-17.8921407314916"
"1205.91085271318","-18.2898625656071"
"1208.33333333333","-18.5858013767256"
"1210.75581395349","-18.7700765694025"
"1213.17829457364","-18.9654631371005"
"1215.6007751938","-19.0487668908435"
"1218.02325581395","-18.9739820335313"
"1220.44573643411","-18.6811513849657"
"1222.86821705426","-18.0990098418899"
"1225.29069767442","-17.8161713793894"
"1227.71317829457","-17.8881697242707"
"1230.13565891473","-18.0056639331993"
"1232.55813953488","-18.0450824164073"
"1234.98062015504","-18.0158362036976"
"1237.40310077519","-17.9526439008902"
"1239.82558139535","-17.8712165256117"
"1242.2480620155","-17.8135810212716"
"1244.67054263566","-17.8035117056176"
"1247.09302325581","-17.8545444558111"
"1249.51550387597","-17.9771064267313"
"1251.93798449612","-18.1554035650542"
"1254.36046511628","-18.3548353854396"
"1256.78294573643","-18.4887474676587"
"1259.20542635659","-18.4048502531693"
"1261.62790697674","-18.2141201584154"
"1264.0503875969","-17.9523681305251"
"1266.47286821705","-17.6802955752963"
"1268.89534883721","-17.446361376452"
"1271.31782945736","-17.299316131687"
"1273.74031007752","-17.2488536085305"
"1276.16279069767","-17.3061857208462"
"1278.58527131783","-17.4101345290579"
"1281.00775193798","-17.5258139340838"
"1283.43023255814","-17.595644399828"
"1285.85271317829","-17.6064224625932"
"1288.27519379845","-17.571782500924"
"1290.6976744186","-17.5073866883425"
"1293.12015503876","-17.4050871515822"
"1295.54263565891","-17.2736506685738"
"1297.96511627907","-17.1274577983065"
"1300.38759689922","-16.9628424247709"
"1302.81007751938","-16.7762093481382"
"1305.23255813953","-16.5827571994505"
"1307.65503875969","-16.3729726530016"
"1310.07751937984","-16.1424276057518"
"1312.5","-15.8977058746445"
"1314.92248062016","-15.6917529619585"
"1317.34496124031","-15.4422678352868"
"1319.76744186047","-15.1849884778443"
"1322.18992248062","-14.9297102836492"
"1324.61240310078","-14.6911631413271"
"1327.03488372093","-14.4964082058386"
"1329.45736434109","-14.3660807693011"
"1331.87984496124","-14.327106042547"
"1334.3023255814","-14.437010050957"
"1336.72480620155","-14.7013459073528"
"1339.14728682171","-15.1421297327072"
"1341.56976744186","-15.6675637641926"
"1343.99224806202","-16.1268250344236"
"1346.41472868217","-16.3534885110944"
"1348.83720930233","-16.322366570064"
"1351.25968992248","-16.1353357302637"
"1353.68217054264","-15.8749584724625"
"1356.10465116279","-15.6119727761615"
"1358.52713178295","-15.3532256045262"
"1360.9496124031","-15.1093428228705"
"1363.37209302326","-14.8860398243152"
"1365.79457364341","-14.6611433179006"
"1368.21705426357","-14.4412776518813"
"1370.63953488372","-14.2226190551434"
"1373.06201550388","-14.0009594366818"
"1375.48449612403","-13.7696808149377"
"1377.90697674419","-13.5243719428467"
"1380.32945736434","-13.2679761726075"
"1382.7519379845","-12.9934097662782"
"1385.17441860465","-12.7172620526872"
"1387.59689922481","-12.4289153745939"
"1390.01937984496","-12.1309897561726"
"1392.44186046512","-11.8463847808839"
"1394.86434108527","-11.5663431626131"
"1397.28682170543","-11.3043326675805"
"1399.70930232558","-11.0586530712943"
"1402.13178294574","-10.8380694536771"
"1404.55426356589","-10.6345410337508"
"1406.97674418605","-10.4499376495826"
"1409.3992248062","-10.2853613590387"
"1411.82170542636","-10.1359000224645"
"1414.24418604651","-9.99579520000038"
"1416.66666666667","-9.8630832387196"
"1419.08914728682","-9.73360817090753"
"1421.51162790698","-9.60295491823135"
"1423.93410852713","-9.4644179118131"
"1426.35658914729","-9.31844792582993"
"1428.77906976744","-9.16666330226987"
"1431.2015503876","-9.00253243967824"
"1433.62403100775","-8.82928647940894"
"1436.04651162791","-8.65432661671757"
"1438.46899224806","-8.47231709797805"
"1440.89147286822","-8.29584422609285"
"1443.31395348837","-8.12113760547436"
"1445.73643410853","-7.96534828666141"
"1448.15891472868","-7.83011973508736"
"1450.58139534884","-7.72549350476661"
"1453.00387596899","-7.66000389972119"
"1455.42635658915","-7.64703986679484"
"1457.8488372093","-7.6933135345095"
"1460.27131782946","-7.80644935982172"
"1462.69379844961","-7.98499702428615"
"1465.11627906977","-8.23016804381015"
"1467.53875968992","-8.54185855938658"
"1469.96124031008","-8.82560122831923"
"1472.38372093023","-9.1582817093911"
"1474.80620155039","-9.57441621888885"
"1477.22868217054","-10.0588098776096"
"1479.6511627907","-10.6035684002478"
"1482.07364341085","-11.225574244816"
"1484.49612403101","-11.8632945615272"
"1486.91860465116","-12.396830780465"
"1489.34108527132","-12.906234096363"
"1491.76356589147","-12.9952102782739"
"1494.18604651163","-12.7184833502589"
"1496.60852713178","-12.2162062282013"
"1499.03100775194","-11.5993633959754"
"1501.45348837209","-10.9714625325939"
"1503.87596899225","-10.3937558216922"
"1506.2984496124","-9.89550735839326"
"1508.72093023256","-9.48881332942477"
"1511.14341085271","-9.1859391581719"
"1513.56589147287","-8.99795181934557"
"1515.98837209302","-8.91041122391116"
"1518.41085271318","-8.91597683251171"
"1520.83333333333","-8.98587867098757"
"1523.25581395349","-9.07714433616438"
"1525.67829457364","-9.14969786217721"
"1528.1007751938","-9.15511277582633"
"1530.52325581395","-9.06421789330293"
"1532.94573643411","-8.8790493023675"
"1535.36821705426","-8.6151820283186"
"1537.79069767442","-8.28227765533459"
"1540.21317829457","-7.92495659624195"
"1542.63565891473","-7.56154466717076"
"1545.05813953488","-7.20606548301798"
"1547.48062015504","-6.87148400006607"
"1549.90310077519","-6.57739230519494"
"1552.32558139535","-6.36560428369952"
"1554.7480620155","-6.1548900925193"
"1557.17054263566","-5.97218552287932"
"1559.59302325581","-5.82092059056584"
"1562.01550387597","-5.70200824996253"
"1564.43798449612","-5.61702008583549"
"1566.86046511628","-5.54097178704634"
"1569.28294573643","-5.44587707196299"
"1571.70542635659","-5.33692145957801"
"1574.12790697674","-5.24127261825386"
"1576.5503875969","-5.16269754429169"
"1578.97286821705","-5.09887284417226"
"1581.39534883721","-5.04139716724421"
"1583.81782945736","-4.99400740509378"
"1586.24031007752","-4.94545409246036"
"1588.66279069767","-4.89966524951574"
"1591.08527131783","-4.85562793541711"
"1593.50775193798","-4.8141242927241"
"1595.93023255814","-4.76618817178283"
"1598.35271317829","-4.67988391857236"
"1600.77519379845","-4.67828550208805"
"1603.1976744186","-4.63904311745338"
"1605.62015503876","-4.6049790219992"
"1608.04263565891","-4.65222421302781"
"1610.46511627907","-4.63981302907206"
"1612.88759689922","-4.59347659413482"
"1615.31007751938","-4.62065224844677"
"1617.73255813953","-4.63268146181979"
"1620.15503875969","-4.64858090766689"
"1622.57751937984","-4.65319664951949"
"1625","-4.71894197446639"
"1627.42248062016","-4.70308232232158"
"1629.84496124031","-4.71188914298632"
"1632.26744186047","-4.74998218248804"
"1634.68992248062","-4.82536373912672"
"1637.11240310078","-4.89707624042443"
"1639.53488372093","-4.93460482185016"
"1641.95736434109","-4.91768471137548"
"1644.37984496124","-4.92229709688446"
"1646.8023255814","-5.05283890380227"
"1649.22480620155","-5.02308807056914"
"1651.64728682171","-5.06404482929685"
"1654.06976744186","-5.05769960530987"
"1656.49224806202","-5.06080344341368"
"1658.91472868217","-5.0020635905461"
"1661.33720930233","-4.94824336463488"
"1663.75968992248","-5.1302502044081"
"1666.18217054264","-4.95813958229294"
"1668.60465116279","-4.97160101156284"
"1671.02713178295","-5.18442568170775"
"1673.4496124031","-5.15878560451596"
"1675.87209302326","-5.0592842690064"
"1678.29457364341","-5.10710909249005"
"1680.71705426357","-5.16434668783943"
"1683.13953488372","-5.22793092092514"
"1685.56201550388","-5.29672613711893"
"1687.98449612403","-5.36501309361317"
"1690.40697674419","-5.43798152581648"
"1692.82945736434","-5.50775895020462"
"1695.2519379845","-5.57407184970562"
"1697.67441860465","-5.63235373822494"
"1700.09689922481","-5.68008343296241"
"1702.51937984496","-5.72471448650981"
"1704.94186046512","-5.76540975656654"
"1707.36434108527","-5.80476458495256"
"1709.78682170543","-5.84942104020183"
"1712.20930232558","-5.90300998766539"
"1714.63178294574","-5.96717583778203"
"1717.05426356589","-6.05108690459415"
"1719.47674418605","-6.14604197656837"
"1721.8992248062","-6.26160102182747"
"1724.32170542636","-6.2374390983466"
"1726.74418604651","-6.27961024083836"
"1729.16666666667","-6.46559298967673"
"1731.58914728682","-6.66865201020715"
"1734.01162790698","-7.04228498438211"
"1736.43410852713","-7.21459345848756"
"1738.85658914729","-7.41361916913012"
"1741.27906976744","-7.62765223076526"
"1743.7015503876","-7.85765742757779"
"1746.12403100775","-8.09126479800539"
"1748.54651162791","-8.30846419593611"
"1750.96899224806","-8.53204461028702"
"1753.39147286822","-8.7556959611703"
"1755.81395348837","-8.97960150420515"
"1758.23643410853","-9.19856666638486"
"1760.65891472868","-9.43614490248066"
"1763.08139534884","-9.67486869738342"
"1765.50387596899","-9.92654718541461"
"1767.92635658915","-10.2156809233097"
"1770.3488372093","-10.5184121391124"
"1772.77131782946","-10.8201245216872"
"1775.19379844961","-10.9887119116705"
"1777.61627906977","-11.2292041390672"
"1780.03875968992","-11.625467099448"
"1782.46124031008","-12.0665331706129"
"1784.88372093023","-12.5359627799627"
"1787.30620155039","-13.0070330271939"
"1789.72868217054","-13.473486196736"
"1792.1511627907","-13.9150264339832"
"1794.57364341085","-14.3021235128486"
"1796.99612403101","-14.5935095011715"
"1799.41860465116","-14.7637012074473"
"1801.84108527132","-14.8137608529793"
"1804.26356589147","-14.7515690200174"
"1806.68604651163","-14.8339110126237"
"1809.10852713178","-14.5308251220466"
"1811.53100775194","-14.1997562999136"
"1813.95348837209","-13.9255227473284"
"1816.37596899225","-13.6131635560013"
"1818.7984496124","-13.2827207758014"
"1821.22093023256","-12.8965683176937"
"1823.64341085271","-12.5189120890362"
"1826.06589147287","-12.1751776323799"
"1828.48837209302","-11.8564351335137"
"1830.91085271318","-11.5476379777058"
"1833.33333333333","-11.2814343561488"
"1835.75581395349","-11.0464729940108"
"1838.17829457364","-10.8409146915323"
"1840.6007751938","-10.6715368239273"
"1843.02325581395","-10.5430390669879"
"1845.44573643411","-10.4499670141137"
"1847.86821705426","-10.3968687466897"
"1850.29069767442","-10.3824873152363"
"1852.71317829457","-10.4364450728091"
"1855.13565891473","-10.4733777716451"
"1857.55813953488","-10.5425385376215"
"1859.98062015504","-10.6440647874518"
"1862.40310077519","-10.7868142028584"
"1864.82558139535","-10.9532656672989"
"1867.2480620155","-11.1303246466665"
"1869.67054263566","-11.2808983868527"
"1872.09302325581","-11.421586903273"
"1874.51550387597","-11.5642424057462"
"1876.93798449612","-11.697582170286"
"1879.36046511628","-11.8924669194719"
"1881.78294573643","-12.0082281309659"
"1884.20542635659","-12.111010695855"
"1886.62790697674","-12.2058737433454"
"1889.0503875969","-12.3034286527354"
"1891.47286821705","-12.3975250325944"
"1893.89534883721","-12.4882254051891"
"1896.31782945736","-12.5727555445917"
"1898.74031007752","-12.6599524178521"
"1901.16279069767","-12.7521527608395"
"1903.58527131783","-12.8533939925533"
"1906.00775193798","-12.9546131855689"
"1908.43023255814","-13.0655452940197"
"1910.85271317829","-13.1770463720888"
"1913.27519379845","-13.3009081545993"
"1915.6976744186","-13.4204585764922"
"1918.12015503876","-13.5410596890013"
"1920.54263565891","-13.674947391143"
"1922.96511627907","-13.8050697477266"
"1925.38759689922","-13.9513294678568"
"1927.81007751938","-14.1077302083846"
"1930.23255813953","-14.2644103415935"
"1932.65503875969","-14.4262291345296"
"1935.07751937984","-14.589920154313"
"1937.5","-14.7681353596365"
"1939.92248062016","-14.9489370037839"
"1942.34496124031","-15.1412307969498"
"1944.76744186047","-15.332672260103"
"1947.18992248062","-15.5225374298041"
"1949.61240310078","-15.7076891965471"
"1952.03488372093","-15.903791417115"
"1954.45736434109","-16.0897327527139"
"1956.87984496124","-16.272521375012"
"1959.3023255814","-16.4322009861598"
"1961.72480620155","-16.5969136824023"
"1964.14728682171","-16.7461800233458"
"1966.56976744186","-16.8883991634064"
"1968.99224806202","-17.0165241237357"
"1971.41472868217","-17.1364718896972"
"1973.83720930233","-17.2493409171586"
"1976.25968992248","-17.356785495349"
"1978.68217054264","-17.481890556722"
"1981.10465116279","-17.5975260318501"
"1983.52713178295","-17.7261404017857"
"1985.9496124031","-17.8610501865026"
"1988.37209302326","-18.008379669194"
"1990.79457364341","-18.1586469690911"
"1993.21705426357","-18.3397307573308"
"1995.63953488372","-18.525318403782"
"1998.06201550388","-18.7296294331697"
"2000.48449612403","-18.942577085403"
"2002.90697674419","-19.1556899989186"
"2005.32945736434","-19.3842525603091"
"2007.7519379845","-19.6053628778917"
"2010.17441860465","-19.8237551422327"
"2012.59689922481","-20.0344550636274"
"2015.01937984496","-20.2084579359501"
"2017.44186046512","-20.3520995874772"
"2019.86434108527","-20.4627191247268"
"2022.28682170543","-20.5049767383926"
"2024.70930232558","-20.5017637500449"
"2027.13178294574","-20.4365761164002"
"2029.55426356589","-20.3041453222652"
"2031.97674418605","-20.1088380820662"
"2034.3992248062","-19.8534644849839"
"2036.82170542636","-19.5359772975852"
"2039.24418604651","-19.1519508170624"
"2041.66666666667","-18.7166733108794"
"2044.08914728682","-18.2378362137376"
"2046.51162790698","-17.746432025442"
"2048.93410852713","-17.2095674625529"
"2051.35658914729","-16.7088271336679"
"2053.77906976744","-16.2157154169531"
"2056.2015503876","-15.7640845766924"
"2058.62403100775","-15.3534658817518"
"2061.04651162791","-14.9939452694083"
"2063.46899224806","-14.6926142176155"
"2065.89147286822","-14.4333050443194"
"2068.31395348837","-14.2238870884383"
"2070.73643410853","-14.0486028476597"
"2073.15891472868","-13.9038608806161"
"2075.58139534884","-13.7841527948546"
"2078.00387596899","-13.6904742145383"
"2080.42635658915","-13.6091520491882"
"2082.8488372093","-13.5393557629103"
"2085.27131782946","-13.4784590574557"
"2087.69379844961","-13.4235299037968"
"2090.11627906977","-13.3716050985166"
"2092.53875968992","-13.3302701344045"
"2094.96124031008","-13.2984933054009"
"2097.38372093023","-13.2734888938741"
"2099.80620155039","-13.2666884421593"
"2102.22868217054","-13.2842235971018"
"2104.6511627907","-13.3256439125004"
"2107.07364341085","-13.3890288916805"
"2109.49612403101","-13.4734467490882"
"2111.91860465116","-13.5803248821935"
"2114.34108527132","-13.7116147612036"
"2116.76356589147","-13.8484069605211"
"2119.18604651163","-14.0070078251597"
"2121.60852713178","-14.162873451892"
"2124.03100775194","-14.3154301414994"
"2126.45348837209","-14.4731276203634"
"2128.87596899225","-14.6039900948598"
"2131.2984496124","-14.6890294269807"
"2133.72093023256","-14.7395564329801"
"2136.14341085271","-14.7525130466482"
"2138.56589147287","-14.7309904923315"
"2140.98837209302","-14.6818830265534"
"2143.41085271318","-14.6171204023859"
"2145.83333333333","-14.5412736701912"
"2148.25581395349","-14.4776963991257"
"2150.67829457364","-14.4342479254263"
"2153.1007751938","-14.4167351768826"
"2155.52325581395","-14.4671541497754"
"2157.94573643411","-14.5796233517361"
"2160.36821705426","-14.7777597961903"
"2162.79069767442","-15.0486744330446"
"2165.21317829457","-15.3711419991287"
"2167.63565891473","-15.744185057344"
"2170.05813953488","-16.1339357653018"
"2172.48062015504","-16.5355731171051"
"2174.90310077519","-16.9147676474679"
"2177.32558139535","-17.2648429325052"
"2179.7480620155","-17.5582395040653"
"2182.17054263566","-17.749498798739"
"2184.59302325581","-17.8106846628971"
"2187.01550387597","-17.7491078239472"
"2189.43798449612","-17.5734017877958"
"2191.86046511628","-17.3060706450206"
"2194.28294573643","-17.0060105517984"
"2196.70542635659","-16.6967022048795"
"2199.12790697674","-16.4239548599219"
"2201.5503875969","-16.21598044163"
"2203.97286821705","-16.0555542191882"
"2206.39534883721","-15.962366317844"
"2208.81782945736","-15.9373389570433"
"2211.24031007752","-15.9803864651592"
"2213.66279069767","-16.0607894435224"
"2216.08527131783","-16.1812063428977"
"2218.50775193798","-16.3733970043374"
"2220.93023255814","-16.6055929041706"
"2223.35271317829","-16.853746570216"
"2225.77519379845","-17.1215986595794"
"2228.1976744186","-17.3626994537736"
"2230.62015503876","-17.5823714301178"
"2233.04263565891","-17.7904980370313"
"2235.46511627907","-17.9521851751195"
"2237.88759689922","-18.0817496907359"
"2240.31007751938","-18.1725204693779"
"2242.73255813953","-18.2161763291868"
"2245.15503875969","-18.2474319185953"
"2247.57751937984","-18.2375983780242"
"2250","-18.2071448349995"
"2252.42248062016","-18.1579316025259"
"2254.84496124031","-18.1041180774551"
"2257.26744186046","-18.0483891731475"
"2259.68992248062","-18.0046588282533"
"2262.11240310077","-17.9810379738968"
"2264.53488372093","-17.9750411554069"
"2266.95736434108","-17.9900498957999"
"2269.37984496124","-18.0220394029264"
"2271.8023255814","-18.0316084983697"
"2274.22480620155","-18.1168553732202"
"2276.64728682171","-18.2717897527965"
"2279.06976744186","-18.4878582412798"
"2281.49224806202","-18.7831454459707"
"2283.91472868217","-19.1472728562845"
"2286.33720930233","-19.5576396330489"
"2288.75968992248","-19.9838447266442"
"2291.18217054264","-20.4089002520549"
"2293.60465116279","-20.8090694874581"
"2296.02713178295","-21.1578596014534"
"2298.4496124031","-21.4556995016652"
"2300.87209302326","-21.7026597018301"
"2303.29457364341","-21.8081073363198"
"2305.71705426357","-21.9186202166803"
"2308.13953488372","-21.9988175607624"
"2310.56201550388","-22.0621898279821"
"2312.98449612403","-22.197997391282"
"2315.40697674419","-22.2518139640481"
"2317.82945736434","-22.305661095388"
"2320.2519379845","-22.3652790784854"
"2322.67441860465","-22.4144700763193"
"2325.09689922481","-22.4661501835315"
"2327.51937984496","-22.5396781260259"
"2329.94186046512","-22.5802977655371"
"2332.36434108527","-22.609722469602"
"2334.78682170543","-22.6429631173077"
"2337.20930232558","-22.6520605116379"
"2339.63178294574","-22.6753664850471"
"2342.05426356589","-22.6958495193936"
"2344.47674418605","-22.7206134050955"
"2346.8992248062","-22.7586258957246"
"2349.32170542636","-22.8014792622176"
"2351.74418604651","-22.8482326334846"
"2354.16666666667","-22.9099096453021"
"2356.58914728682","-22.9920851297349"
"2359.01162790698","-23.0951598871087"
"2361.43410852713","-23.2131391026257"
"2363.85658914729","-23.3764529070893"
"2366.27906976744","-23.5507210923701"
"2368.7015503876","-23.7518239134182"
"2371.12403100775","-23.9704101461793"
"2373.54651162791","-24.2041393303943"
"2375.96899224806","-24.4338012518046"
"2378.39147286822","-24.6915801122102"
"2380.81395348837","-24.9427191718964"
"2383.23643410853","-25.193049532295"
"2385.65891472868","-25.4337768298518"
"2388.08139534884","-25.7010636357663"
"2390.50387596899","-25.9382935291618"
"2392.92635658915","-26.1860923892412"
"2395.3488372093","-26.4439644730332"
"2397.77131782946","-26.7239276422372"
"2400.19379844961","-27.0173580052397"
"2402.61627906977","-27.3504978488981"
"2405.03875968992","-27.6765384382275"
"2407.46124031008","-28.0426975782377"
"2409.88372093023","-28.4146639717245"
"2412.30620155039","-28.8607083780037"
"2414.72868217054","-29.2589671102384"
"2417.1511627907","-29.6882642653239"
"2419.57364341085","-30.1084733807062"
"2421.99612403101","-30.5298419308863"
"2424.41860465116","-30.9272479961938"
"2426.84108527132","-31.2709330358709"
"2429.26356589147","-31.6285132070774"
"2431.68604651163","-32.0094872757604"
"2434.10852713178","-32.3629504182275"
"2436.53100775194","-32.711493614436"
"2438.95348837209","-33.0508944680124"
"2441.37596899225","-33.412756104661"
"2443.7984496124","-33.7253604827136"
"2446.22093023256","-34.0423923636862"
"2448.64341085271","-34.3587000312125"
"2451.06589147287","-34.690642952742"
"2453.48837209302","-34.9981233737337"
"2455.91085271318","-35.3012265459859"
"2458.33333333333","-35.6099556665457"
"2460.75581395349","-35.9572982400545"
"2463.17829457364","-36.3391052530221"
"2465.6007751938","-36.730761321588"
"2468.02325581395","-37.2113322103136"
"2470.44573643411","-37.639777421494"
"2472.86821705426","-38.0696195854852"
"2475.29069767442","-38.6349228345175"
"2477.71317829457","-39.1167973751638"
"2480.13565891473","-39.6554919672733"
"2482.55813953488","-40.1448234607571"
"2484.98062015504","-40.6022893409678"
"2487.40310077519","-40.9267282145178"
"2489.82558139535","-41.1823574916093"
"2492.2480620155","-41.240593505475"
"2494.67054263566","-41.1247513137658"
"2497.09302325581","-40.9988494883166"
"2499.51550387597","-40.6350576089829"
"2501.93798449612","-40.185139533717"
"2504.36046511628","-39.6780113407802"
"2506.78294573643","-39.0813161718506"
"2509.20542635659","-38.4684288128874"
"2511.62790697674","-37.838504016255"
"2514.0503875969","-37.1548057806738"
"2516.47286821705","-36.5058218654467"
"2518.89534883721","-35.8396813790888"
"2521.31782945736","-35.2015166279139"
"2523.74031007752","-34.600426125383"
"2526.16279069767","-33.9932208514462"
"2528.58527131783","-33.4544790036999"
"2531.00775193798","-33.0203206457081"
"2533.43023255814","-32.7285485664023"
"2535.85271317829","-32.6686710395393"
"2538.27519379845","-32.9017775878966"
"2540.6976744186","-33.4711183871654"
"2543.12015503876","-34.3595653252451"
"2545.54263565891","-35.4492118382915"
"2547.96511627907","-36.4174261825822"
"2550.38759689922","-36.7479146942285"
"2552.81007751938","-36.0666079173964"
"2555.23255813953","-34.8936298277583"
"2557.65503875969","-33.777758517182"
"2560.07751937984","-33.1387688289054"
"2562.5","-33.0837304638804"
"2564.92248062016","-33.4807149188566"
"2567.34496124031","-34.2241629771651"
"2569.76744186046","-35.0601541808559"
"2572.18992248062","-35.9959050113067"
"2574.61240310077","-36.9471373388033"
"2577.03488372093","-38.0057569241052"
"2579.45736434108","-39.0063004447039"
"2581.87984496124","-40.0950068629674"
"2584.3023255814","-41.3216173364257"
"2586.72480620155","-42.7413177121884"
"2589.14728682171","-44.581319141179"
"2591.56976744186","-47.2542538476543"
"2593.99224806202","-51.4343422155293"
"2596.41472868217","-56.8780544349542"
"2598.83720930233","-51.6039391399759"
"2601.25968992248","-45.989412505152"
"2603.68217054264","-42.3703413031871"
"2606.10465116279","-39.8673268982711"
"2608.52713178295","-38.0084846230791"
"2610.9496124031","-36.7025840005586"
"2613.37209302326","-35.8225698654285"
"2615.79457364341","-35.1147974809638"
"2618.21705426357","-34.6060646284362"
"2620.63953488372","-34.2426777707616"
"2623.06201550388","-34.051801714673"
"2625.48449612403","-33.8956984212039"
"2627.90697674419","-33.8109559404505"
"2630.32945736434","-33.7353207045562"
"2632.7519379845","-33.6796268683188"
"2635.17441860465","-33.6547739037939"
"2637.59689922481","-33.6643204289919"
"2640.01937984496","-33.665192312994"
"2642.44186046512","-33.6327446574271"
"2644.86434108527","-33.533340010944"
"2647.28682170543","-33.4242976150668"
"2649.70930232558","-33.2999669384748"
"2652.13178294574","-33.140977810188"
"2654.55426356589","-32.9661531514723"
"2656.97674418605","-32.7778342644818"
"2659.3992248062","-32.5752728158892"
"2661.82170542636","-32.3019411452189"
"2664.24418604651","-32.0563872085264"
"2666.66666666667","-31.8738273755735"
"2669.08914728682","-31.6241883457077"
"2671.51162790698","-31.3734445601866"
"2673.93410852713","-31.1502746600125"
"2676.35658914729","-30.914883679999"
"2678.77906976744","-30.7282469987263"
"2681.2015503876","-30.5582387907435"
"2683.62403100775","-30.4436433139089"
"2686.04651162791","-30.3315598398667"
"2688.46899224806","-30.3144032062781"
"2690.89147286822","-30.2584559710319"
"2693.31395348837","-30.1477070683254"
"2695.73643410853","-29.9970550123809"
"2698.15891472868","-29.7720097825145"
"2700.58139534884","-29.4395018998086"
"2703.00387596899","-29.0249949530599"
"2705.42635658915","-28.5842054482111"
"2707.8488372093","-28.1046475792345"
"2710.27131782946","-27.5822128025178"
"2712.69379844961","-27.1939082844868"
"2715.11627906977","-26.9257143625861"
"2717.53875968992","-26.7043396850162"
"2719.96124031008","-26.6320638229722"
"2722.38372093023","-26.6927740959469"
"2724.80620155039","-26.9186939176014"
"2727.22868217054","-27.1356445321082"
"2729.6511627907","-27.4540984182325"
"2732.07364341085","-27.8506293858738"
"2734.49612403101","-28.2934109337462"
"2736.91860465116","-28.9025763769104"
"2739.34108527132","-29.4092507557956"
"2741.76356589147","-29.9604593111291"
"2744.18604651163","-30.573082951495"
"2746.60852713178","-31.1565836269285"
"2749.03100775194","-31.6281790268419"
"2751.45348837209","-32.0828930363525"
"2753.87596899225","-32.4796502186888"
"2756.2984496124","-32.7023614176314"
"2758.72093023256","-32.8664915396352"
"2761.14341085271","-32.5883332938251"
"2763.56589147287","-32.60739620621"
"2765.98837209302","-32.6338595736956"
"2768.41085271318","-32.3787435308554"
"2770.83333333333","-31.9482680577947"
"2773.25581395349","-31.7269039093776"
"2775.67829457364","-31.3691129147746"
"2778.1007751938","-31.0261832239144"
"2780.52325581395","-30.6777855681577"
"2782.94573643411","-30.3853745673047"
"2785.36821705426","-30.0724747719165"
"2787.79069767442","-29.8013121875316"
"2790.21317829457","-29.5161224811214"
"2792.63565891473","-29.2589232333644"
"2795.05813953488","-29.0027202424508"
"2797.48062015504","-28.7554331134775"
"2799.90310077519","-28.5369943404585"
"2802.32558139535","-28.3551322242435"
"2804.7480620155","-28.2076341316682"
"2807.17054263566","-28.0875915639158"
"2809.59302325581","-27.9778427329599"
"2812.01550387597","-27.9015548450306"
"2814.43798449612","-27.8535984062796"
"2816.86046511628","-27.8420659009651"
"2819.28294573643","-27.862572005025"
"2821.70542635659","-27.8445792500285"
"2824.12790697674","-27.8254917432011"
"2826.5503875969","-27.8049487753997"
"2828.97286821705","-27.7311085474582"
"2831.39534883721","-27.6529049260028"
"2833.81782945736","-27.55947389928"
"2836.24031007752","-27.4831964683696"
"2838.66279069767","-27.2783050417667"
"2841.08527131783","-27.157241935492"
"2843.50775193798","-27.2550757630714"
"2845.93023255814","-27.0484639242235"
"2848.35271317829","-26.795055810783"
"2850.77519379845","-26.5701474826414"
"2853.1976744186","-26.3194864549831"
"2855.62015503876","-26.028861919923"
"2858.04263565891","-25.714265605173"
"2860.46511627907","-25.4207094742098"
"2862.88759689922","-25.03927125824"
"2865.31007751938","-24.5482386509167"
"2867.73255813953","-24.0584181185395"
"2870.15503875969","-23.4675894856717"
"2872.57751937984","-22.860250590565"
"2875","-22.324567503163"
"2877.42248062015","-21.9148681927133"
"2879.84496124031","-21.6596260325166"
"2882.26744186046","-21.5586901502854"
"2884.68992248062","-21.6162550621967"
"2887.11240310077","-21.7842702984547"
"2889.53488372093","-22.0461677635394"
"2891.95736434108","-22.3652932293735"
"2894.37984496124","-22.6924821387692"
"2896.8023255814","-23.0469347865821"
"2899.22480620155","-23.3867176000903"
"2901.64728682171","-23.7306475835607"
"2904.06976744186","-24.0806997746613"
"2906.49224806202","-24.4084645629054"
"2908.91472868217","-24.7543600271883"
"2911.33720930233","-25.1047185501857"
"2913.75968992248","-25.4485561297366"
"2916.18217054264","-25.8146486631208"
"2918.60465116279","-26.1695779103649"
"2921.02713178295","-26.5478641632066"
"2923.4496124031","-26.9472352759676"
"2925.87209302326","-27.2860650951928"
"2928.29457364341","-27.6109555411075"
"2930.71705426357","-27.890579293707"
"2933.13953488372","-28.0932562637239"
"2935.56201550388","-28.2522855071648"
"2937.98449612403","-28.3168529532714"
"2940.40697674419","-28.2817897217114"
"2942.82945736434","-28.1527883921918"
"2945.2519379845","-27.932904939138"
"2947.67441860465","-27.6741978902982"
"2950.09689922481","-27.3444293162951"
"2952.51937984496","-27.0121261058828"
"2954.94186046512","-26.6387981415089"
"2957.36434108527","-26.2443842648604"
"2959.78682170543","-25.8511584023357"
"2962.20930232558","-25.4352182912767"
"2964.63178294574","-25.0136204129229"
"2967.05426356589","-24.5756775090422"
"2969.47674418605","-24.0622971144766"
"2971.8992248062","-23.601964612103"
"2974.32170542636","-23.1855374340928"
"2976.74418604651","-22.8200105601341"
"2979.16666666667","-22.5317069585622"
"2981.58914728682","-22.290528044826"
"2984.01162790698","-22.1288685275096"
"2986.43410852713","-22.0576297800686"
"2988.85658914729","-22.0467252495038"
"2991.27906976744","-22.1407170585765"
"2993.7015503876","-22.2919639881816"
"2996.12403100775","-22.534408980585"
"2998.54651162791","-22.8713206620926"
"3000.96899224806","-23.2277672569605"
"3003.39147286822","-23.6597572554459"
"3005.81395348837","-24.140733641554"
"3008.23643410853","-24.6340601686615"
"3010.65891472868","-25.1184961525571"
"3013.08139534884","-25.6342666402283"
"3015.50387596899","-26.1446613849712"
"3017.92635658915","-26.5994045445963"
"3020.3488372093","-27.0699062662848"
"3022.77131782946","-27.4876514935227"
"3025.19379844961","-27.8908673533945"
"3027.61627906977","-28.2294300457747"
"3030.03875968992","-28.5618303016399"
"3032.46124031008","-28.8462373909416"
"3034.88372093023","-29.1066605184085"
"3037.30620155039","-29.3088916565207"
"3039.72868217054","-29.5094396508595"
"3042.1511627907","-29.6973780390811"
"3044.57364341085","-29.8268450638089"
"3046.99612403101","-29.9651019897666"
"3049.41860465116","-30.094587917521"
"3051.84108527132","-30.1762435942664"
"3054.26356589147","-30.2184980850081"
"3056.68604651163","-30.2131876733022"
"3059.10852713178","-30.1621875284915"
"3061.53100775194","-30.063160724362"
"3063.95348837209","-29.8983114884383"
"3066.37596899225","-29.6537146047036"
"3068.7984496124","-29.3849549802881"
"3071.22093023256","-29.0263499454936"
"3073.64341085271","-28.5929656477333"
"3076.06589147287","-28.1505773368736"
"3078.48837209302","-27.6617102951402"
"3080.91085271318","-27.1319947007991"
"3083.33333333333","-26.5411264805407"
"3085.75581395349","-25.9255885238498"
"3088.17829457364","-25.3062494876817"
"3090.6007751938","-24.6436048631534"
"3093.02325581395","-24.0092401801804"
"3095.44573643411","-23.375129498714"
"3097.86821705426","-22.7351058114006"
"3100.29069767442","-22.1396686913831"
"3102.71317829457","-21.5945180578382"
"3105.13565891473","-21.0977272640366"
"3107.55813953488","-20.6657189329858"
"3109.98062015504","-20.3088986858475"
"3112.40310077519","-20.0155528752945"
"3114.82558139535","-19.8163227463876"
"3117.2480620155","-19.6963557577374"
"3119.67054263566","-19.6627555741707"
"3122.09302325581","-19.6981963061695"
"3124.51550387597","-19.8291424806935"
"3126.93798449612","-20.0261225760508"
"3129.36046511628","-20.2821710943639"
"3131.78294573643","-20.6103929894356"
"3134.20542635659","-20.9729840121801"
"3136.62790697674","-21.3930661990919"
"3139.0503875969","-21.8218286785624"
"3141.47286821705","-22.2591054458873"
"3143.89534883721","-22.6724392182423"
"3146.31782945736","-23.0742742333905"
"3148.74031007752","-23.4349120394161"
"3151.16279069767","-23.7497015555789"
"3153.58527131783","-24.0218452778374"
"3156.00775193798","-24.2339555732618"
"3158.43023255814","-24.4076012287877"
"3160.85271317829","-24.5192669069678"
"3163.27519379845","-24.6098816328675"
"3165.6976744186","-24.6292635554217"
"3168.12015503876","-24.6500520646509"
"3170.54263565891","-24.6240269092911"
"3172.96511627907","-24.5790486349164"
"3175.38759689922","-24.5161918994289"
"3177.81007751938","-24.423758957746"
"3180.23255813953","-24.3297657944266"
"3182.65503875969","-24.2679680962823"
"3185.07751937984","-24.2444497461314"
"3187.5","-24.225027118683"
"3189.92248062016","-24.2433609280389"
"3192.34496124031","-24.3229363845398"
"3194.76744186047","-24.4169448254777"
"3197.18992248062","-24.5645651806861"
"3199.61240310078","-24.7453094752498"
"3202.03488372093","-24.9704046761596"
"3204.45736434108","-25.2387400437574"
"3206.87984496124","-25.5233394047266"
"3209.3023255814","-25.8071236711757"
"3211.72480620155","-26.1040468892366"
"3214.14728682171","-26.37675470033"
"3216.56976744186","-26.6537473119357"
"3218.99224806202","-26.8990117502966"
"3221.41472868217","-27.076881866741"
"3223.83720930233","-26.979194248028"
"3226.25968992248","-27.0915040277092"
"3228.68217054264","-27.1459737924575"
"3231.10465116279","-27.0877671507915"
"3233.52713178295","-26.963437167653"
"3235.9496124031","-26.7338532712004"
"3238.37209302326","-26.4403947333688"
"3240.79457364341","-26.0616563029712"
"3243.21705426357","-25.7591829718825"
"3245.63953488372","-25.2759989570703"
"3248.06201550388","-24.7878542711346"
"3250.48449612403","-24.2441003044237"
"3252.90697674419","-23.5074134314668"
"3255.32945736434","-23.0931030861349"
"3257.7519379845","-22.7317116854234"
"3260.17441860465","-22.4513221498419"
"3262.59689922481","-22.2948489760625"
"3265.01937984496","-22.0745836902972"
"3267.44186046512","-21.9511221102253"
"3269.86434108527","-21.9187525915231"
"3272.28682170543","-21.9238229912509"
"3274.70930232558","-21.9961161102592"
"3277.13178294574","-22.1177042010171"
"3279.55426356589","-22.2766310998612"
"3281.97674418605","-22.4723241414142"
"3284.3992248062","-22.677357774637"
"3286.82170542636","-22.9082377285793"
"3289.24418604651","-23.1487237063069"
"3291.66666666667","-23.3758451120639"
"3294.08914728682","-23.5984136040098"
"3296.51162790698","-23.818682102871"
"3298.93410852713","-24.0321544671496"
"3301.35658914729","-24.2188107649582"
"3303.77906976744","-24.3654191780142"
"3306.2015503876","-24.5070986195865"
"3308.62403100775","-24.585943755773"
"3311.04651162791","-24.636438039491"
"3313.46899224806","-24.6522846947868"
"3315.89147286822","-24.6256864426884"
"3318.31395348837","-24.552890722755"
"3320.73643410853","-24.4367555907188"
"3323.15891472868","-24.3076986726459"
"3325.58139534884","-24.1161074813073"
"3328.00387596899","-23.9187550709049"
"3330.42635658915","-23.7007128034291"
"3332.8488372093","-23.4736190035117"
"3335.27131782946","-23.239047507905"
"3337.69379844961","-22.9990304518986"
"3340.11627906977","-22.7788158280184"
"3342.53875968992","-22.5501108679961"
"3344.96124031008","-22.3199345599916"
"3347.38372093023","-22.1112665052837"
"3349.80620155039","-21.8900058516779"
"3352.22868217054","-21.7057300805575"
"3354.6511627907","-21.5126871168724"
"3357.07364341085","-21.339696019249"
"3359.49612403101","-21.1629565854656"
"3361.91860465116","-20.9928542856508"
"3364.34108527132","-20.8319177875202"
"3366.76356589147","-20.6665913905332"
"3369.18604651163","-20.4985558104014"
"3371.60852713178","-20.3370190172477"
"3374.03100775194","-20.1623037301524"
"3376.45348837209","-20.0053202951894"
"3378.87596899225","-19.8510092154613"
"3381.2984496124","-19.675063277311"
"3383.72093023256","-19.5702003838925"
"3386.14341085271","-19.4534010174459"
"3388.56589147287","-19.3489602868149"
"3390.98837209302","-19.2472446973014"
"3393.41085271318","-19.1665646946056"
"3395.83333333333","-19.0833434562133"
"3398.25581395349","-19.0029286847141"
"3400.67829457364","-18.927962794912"
"3403.1007751938","-18.8481438300618"
"3405.52325581395","-18.7765720407779"
"3407.94573643411","-18.7022809598486"
"3410.36821705426","-18.6218433522835"
"3412.79069767442","-18.5485038921411"
"3415.21317829457","-18.4703726236702"
"3417.63565891473","-18.3998346665444"
"3420.05813953488","-18.3259775778955"
"3422.48062015504","-18.2422475576592"
"3424.90310077519","-18.1369034191846"
"3427.32558139535","-18.058865275504"
"3429.7480620155","-17.9753665522445"
"3432.17054263566","-17.9088254709992"
"3434.59302325581","-17.8648534770343"
"3437.01550387597","-17.8635845100324"
"3439.43798449612","-17.8666728704402"
"3441.86046511628","-17.8903220408118"
"3444.28294573643","-17.9224306887611"
"3446.70542635659","-17.9601412373101"
"3449.12790697674","-18.0005479009883"
"3451.5503875969","-18.025063810044"
"3453.97286821705","-18.0385311533463"
"3456.39534883721","-18.0419093403642"
"3458.81782945736","-18.0373510022941"
"3461.24031007752","-18.014106184369"
"3463.66279069767","-17.9740803402488"
"3466.08527131783","-17.9262904074053"
"3468.50775193798","-17.858233365505"
"3470.93023255814","-17.7962749192179"
"3473.35271317829","-17.7198721380795"
"3475.77519379845","-17.6404426617537"
"3478.1976744186","-17.5518355288013"
"3480.62015503876","-17.4645347000348"
"3483.04263565891","-17.3736127168654"
"3485.46511627907","-17.2902544744784"
"3487.88759689922","-17.2166261053441"
"3490.31007751938","-17.1458480030734"
"3492.73255813953","-17.0967442595107"
"3495.15503875969","-17.0468226327813"
"3497.57751937984","-17.0134769535486"
"3500","-16.9987536112867"
"3502.42248062016","-16.9893410089043"
"3504.84496124031","-16.9872651287141"
"3507.26744186047","-16.998026274421"
"3509.68992248062","-17.0118095601014"
"3512.11240310077","-17.0284213436564"
"3514.53488372093","-17.0456616214827"
"3516.95736434108","-17.0729290577036"
"3519.37984496124","-17.0954941481881"
"3521.8023255814","-17.1056603963476"
"3524.22480620155","-17.1227417406378"
"3526.64728682171","-17.1321760040692"
"3529.06976744186","-17.1465046108437"
"3531.49224806202","-17.1358156584914"
"3533.91472868217","-17.1369639107225"
"3536.33720930233","-17.1307244707221"
"3538.75968992248","-17.1059944342182"
"3541.18217054264","-17.0954739867324"
"3543.60465116279","-17.0809178612869"
"3546.02713178295","-17.0599513177341"
"3548.4496124031","-17.0534259676623"
"3550.87209302326","-17.0451676327211"
"3553.29457364341","-17.0499266737669"
"3555.71705426357","-17.0365963851707"
"3558.13953488372","-17.0311328374877"
"3560.56201550388","-16.8778772708175"
"3562.98449612403","-16.8992087080992"
"3565.40697674419","-16.9173937161263"
"3567.82945736434","-17.0392817004213"
"3570.2519379845","-17.1609387916196"
"3572.67441860465","-17.3643580298402"
"3575.09689922481","-17.5521782546912"
"3577.51937984496","-17.7577685020531"
"3579.94186046512","-17.9665792526365"
"3582.36434108527","-18.1539334591843"
"3584.78682170543","-18.3453213534828"
"3587.20930232558","-18.4998756794026"
"3589.63178294574","-18.647215342768"
"3592.05426356589","-18.7761175304387"
"3594.47674418605","-18.885572260344"
"3596.8992248062","-18.9844999691503"
"3599.32170542636","-19.0459501547523"
"3601.74418604651","-19.1131509560895"
"3604.16666666667","-19.1530636118817"
"3606.58914728682","-19.1784822844752"
"3609.01162790698","-19.1952725756288"
"3611.43410852713","-19.1854292625555"
"3613.85658914729","-19.1658478922427"
"3616.27906976744","-19.1530298939083"
"3618.7015503876","-19.1140823979634"
"3621.12403100775","-19.0760373893545"
"3623.54651162791","-19.043095780082"
"3625.96899224806","-19.000598906423"
"3628.39147286822","-18.9687105965051"
"3630.81395348837","-18.9446550973779"
"3633.23643410853","-18.9167166895858"
"3635.65891472868","-18.9065380736668"
"3638.08139534884","-18.8985066279165"
"3640.50387596899","-18.8889286841396"
"3642.92635658915","-18.8787645515003"
"3645.3488372093","-18.8685838040002"
"3647.77131782946","-18.8490565032852"
"3650.19379844961","-18.8463507357455"
"3652.61627906977","-18.8199269646621"
"3655.03875968992","-18.7893136774761"
"3657.46124031008","-18.7466351648964"
"3659.88372093023","-18.688094768162"
"3662.30620155039","-18.6275760335238"
"3664.72868217054","-18.5455739932517"
"3667.1511627907","-18.4551203122728"
"3669.57364341085","-18.3408458420503"
"3671.99612403101","-18.1960347118773"
"3674.41860465116","-18.0517613595885"
"3676.84108527132","-17.912400362748"
"3679.26356589147","-17.7595158510676"
"3681.68604651163","-17.6458538603158"
"3684.10852713178","-17.5130889373189"
"3686.53100775194","-17.3758961591614"
"3688.95348837209","-17.2642946875904"
"3691.37596899225","-17.1649445596808"
"3693.7984496124","-17.0889117493636"
"3696.22093023256","-17.0166875155816"
"3698.64341085271","-16.9787889806018"
"3701.06589147287","-16.9648449595603"
"3703.48837209302","-16.9744316503945"
"3705.91085271318","-17.0003954138211"
"3708.33333333333","-17.0548764360797"
"3710.75581395349","-17.1240664980492"
"3713.17829457364","-17.1959595910075"
"3715.6007751938","-17.281184721728"
"3718.02325581395","-17.3826628417044"
"3720.44573643411","-17.4973203691552"
"3722.86821705426","-17.6089732058455"
"3725.29069767442","-17.7261930975429"
"3727.71317829457","-17.829956873422"
"3730.13565891473","-17.9272261081746"
"3732.55813953488","-18.010982012823"
"3734.98062015504","-18.0947253800831"
"3737.40310077519","-18.1614704327716"
"3739.82558139535","-18.2212156094982"
"3742.2480620155","-18.2813255266698"
"3744.67054263566","-18.3429170869924"
"3747.09302325581","-18.4128185695825"
"3749.51550387597","-18.4945207442795"
"3751.93798449612","-18.5903152054251"
"3754.36046511628","-18.7029123030931"
"3756.78294573643","-18.8384814298908"
"3759.20542635659","-19.0025607715322"
"3761.62790697674","-19.2057839678187"
"3764.0503875969","-19.3576238179433"
"3766.47286821705","-19.6569068669218"
"3768.89534883721","-19.9329218932663"
"3771.31782945736","-20.3155405817134"
"3773.74031007752","-20.7274621709105"
"3776.16279069767","-21.0693604616181"
"3778.58527131783","-21.3302800425288"
"3781.00775193798","-21.6580459607047"
"3783.43023255814","-21.9398291881398"
"3785.85271317829","-22.1792223673774"
"3788.27519379845","-22.3986551976049"
"3790.6976744186","-22.5393782245483"
"3793.12015503876","-22.6582949523213"
"3795.54263565891","-22.713061545523"
"3797.96511627907","-22.7152785693472"
"3800.38759689922","-22.6529019025931"
"3802.81007751938","-22.6104067469126"
"3805.23255813953","-22.58662556797"
"3807.65503875969","-22.5246499371902"
"3810.07751937984","-22.4161080706967"
"3812.5","-22.2718883483738"
"3814.92248062016","-22.172124655385"
"3817.34496124031","-22.0381108057903"
"3819.76744186047","-21.9019046177715"
"3822.18992248062","-21.7598269200899"
"3824.61240310077","-21.6045406419612"
"3827.03488372093","-21.4755184930718"
"3829.45736434108","-21.3300378948258"
"3831.87984496124","-21.2070685433259"
"3834.3023255814","-21.0857518032035"
"3836.72480620155","-20.963502752796"
"3839.14728682171","-20.8562412814954"
"3841.56976744186","-20.7700603186065"
"3843.99224806202","-20.6585074384652"
"3846.41472868217","-20.5679758529102"
"3848.83720930233","-20.4717735124522"
"3851.25968992248","-20.3721675631956"
"3853.68217054264","-20.2614388030228"
"3856.10465116279","-20.1530210078028"
"3858.52713178295","-20.0349826216925"
"3860.9496124031","-19.9059112608015"
"3863.37209302326","-19.7795878935848"
"3865.79457364341","-19.643828027776"
"3868.21705426357","-19.4911158934974"
"3870.63953488372","-19.3380918342371"
"3873.06201550388","-19.1962534318494"
"3875.48449612403","-19.0429303883147"
"3877.90697674419","-18.9020062034602"
"3880.32945736434","-18.7572467741618"
"3882.7519379845","-18.6252687626148"
"3885.17441860465","-18.5183696050907"
"3887.59689922481","-18.4429795763339"
"3890.01937984496","-18.389388693584"
"3892.44186046512","-18.3600473214359"
"3894.86434108527","-18.3625674900175"
"3897.28682170543","-18.3809015499567"
"3899.70930232558","-18.4340256107321"
"3902.13178294574","-18.5138830700768"
"3904.55426356589","-18.5951599558021"
"3906.97674418605","-18.7143027956735"
"3909.3992248062","-18.821843175176"
"3911.82170542636","-18.9542806639795"
"3914.24418604651","-19.0777009402761"
"3916.66666666667","-19.1977000377765"
"3919.08914728682","-19.3124857905136"
"3921.51162790698","-19.410790387982"
"3923.93410852713","-19.4913873210525"
"3926.35658914729","-19.5551858731851"
"3928.77906976744","-19.5914186557555"
"3931.2015503876","-19.6077384971614"
"3933.62403100775","-19.6202518648467"
"3936.04651162791","-19.585637706518"
"3938.46899224806","-19.5383675114727"
"3940.89147286822","-19.4748674693026"
"3943.31395348837","-19.384682914976"
"3945.73643410853","-19.2933787928902"
"3948.15891472868","-19.1661316989868"
"3950.58139534884","-19.0298477637001"
"3953.00387596899","-18.8845994155576"
"3955.42635658915","-18.7307352719083"
"3957.8488372093","-18.5666012863864"
"3960.27131782946","-18.4027398208786"
"3962.69379844961","-18.2299930913176"
"3965.11627906977","-18.0639716640396"
"3967.53875968992","-17.9140458627738"
"3969.96124031008","-17.7711800391939"
"3972.38372093023","-17.6626830975161"
"3974.80620155039","-17.5544831488404"
"3977.22868217054","-17.4744325606407"
"3979.6511627907","-17.4232608978049"
"3982.07364341085","-17.3837317659258"
"3984.49612403101","-17.3537723731861"
"3986.91860465116","-17.3380363249591"
"3989.34108527132","-17.3045270781379"
"3991.76356589147","-17.2769048729805"
"3994.18604651163","-17.2436454155527"
"3996.60852713178","-17.1846397912993"
"3999.03100775194","-17.111718840091"
"4001.45348837209","-17.0235461542243"
"4003.87596899225","-16.8950619558079"
"4006.2984496124","-16.751275279186"
"4008.72093023256","-16.5976414586356"
"4011.14341085271","-16.4023329678698"
"4013.56589147287","-16.1982254159926"
"4015.98837209302","-15.9874907436226"
"4018.41085271318","-15.7368440296607"
"4020.83333333333","-15.4745074583544"
"4023.25581395349","-15.2053580417948"
"4025.67829457364","-14.9373125074139"
"4028.1007751938","-14.6762659819965"
"4030.52325581395","-14.4247603219384"
"4032.94573643411","-14.1925550031515"
"4035.36821705426","-13.9995290366264"
"4037.79069767442","-13.8215499029152"
"4040.21317829457","-13.6775658579165"
"4042.63565891473","-13.5747104718114"
"4045.05813953488","-13.4920119689769"
"4047.48062015504","-13.4515760559238"
"4049.90310077519","-13.435585485224"
"4052.32558139535","-13.4415975291548"
"4054.7480620155","-13.4684084419414"
"4057.17054263566","-13.5009264308489"
"4059.59302325581","-13.538833258974"
"4062.01550387597","-13.5701682027778"
"4064.43798449612","-13.5912448726648"
"4066.86046511628","-13.6051478498196"
"4069.28294573643","-13.6092178691469"
"4071.70542635659","-13.5910585986485"
"4074.12790697674","-13.5653507710512"
"4076.5503875969","-13.5285701650987"
"4078.97286821705","-13.4738106004064"
"4081.39534883721","-13.4082488881616"
"4083.81782945736","-13.3273132826078"
"4086.24031007752","-13.2395550473536"
"4088.66279069767","-13.1475875906286"
"4091.08527131783","-13.0509618498241"
"4093.50775193798","-12.9559790665355"
"4095.93023255814","-12.8664484071911"
"4098.35271317829","-12.7986630750756"
"4100.77519379845","-12.7380492705107"
"4103.1976744186","-12.714354901369"
"4105.62015503876","-12.727498842922"
"4108.04263565891","-12.7746910618954"
"4110.46511627907","-12.8667954374446"
"4112.88759689923","-12.9927221506557"
"4115.31007751938","-13.1548292338216"
"4117.73255813953","-13.3351699366385"
"4120.15503875969","-13.5429174602744"
"4122.57751937985","-13.7683528990371"
"4125","-13.9993473470372"
"4127.42248062015","-14.2305167250474"
"4129.84496124031","-14.4617288770854"
"4132.26744186046","-14.6768303341352"
"4134.68992248062","-14.8725938509348"
"4137.11240310077","-15.0533198238215"
"4139.53488372093","-15.2074515086745"
"4141.95736434108","-15.334787042841"
"4144.37984496124","-15.4374370652782"
"4146.8023255814","-15.5070940005411"
"4149.22480620155","-15.5608651582331"
"4151.64728682171","-15.6017874453906"
"4154.06976744186","-15.6089486532524"
"4156.49224806202","-15.6207832634699"
"4158.91472868217","-15.6187864873347"
"4161.33720930233","-15.616834557438"
"4163.75968992248","-15.6358013430072"
"4166.18217054264","-15.671680483714"
"4168.60465116279","-15.7346489175876"
"4171.02713178295","-15.8326981982028"
"4173.4496124031","-15.961479293287"
"4175.87209302326","-16.1255993821281"
"4178.29457364341","-16.3224245859864"
"4180.71705426357","-16.5442529214929"
"4183.13953488372","-16.7874899674791"
"4185.56201550388","-17.0456694536471"
"4187.98449612403","-17.3030452586951"
"4190.40697674419","-17.5540221032733"
"4192.82945736434","-17.8058772945398"
"4195.2519379845","-18.0384064231564"
"4197.67441860465","-18.2477657098035"
"4200.09689922481","-18.4265780973977"
"4202.51937984496","-18.5918423008232"
"4204.94186046512","-18.7172733544058"
"4207.36434108527","-18.8078454392763"
"4209.78682170543","-18.8787552968836"
"4212.20930232558","-18.9336277485254"
"4214.63178294574","-18.9290666811285"
"4217.05426356589","-18.9461667508131"
"4219.47674418605","-18.9101514311893"
"4221.8992248062","-18.8509894835234"
"4224.32170542636","-18.8171546762595"
"4226.74418604651","-18.7533159151437"
"4229.16666666667","-18.7493062415071"
"4231.58914728682","-18.8349427451825"
"4234.01162790698","-19.0840686650806"
"4236.43410852713","-19.2067201050582"
"4238.85658914729","-19.5325388118453"
"4241.27906976744","-19.7297955073693"
"4243.7015503876","-19.9573817428559"
"4246.12403100775","-20.1885422589966"
"4248.54651162791","-20.4646182696659"
"4250.96899224806","-20.7009777974826"
"4253.39147286822","-20.9652954957112"
"4255.81395348837","-21.223555116938"
"4258.23643410853","-21.4985686641383"
"4260.65891472868","-21.7733152014138"
"4263.08139534884","-22.016737340858"
"4265.50387596899","-22.2572408423869"
"4267.92635658915","-22.4626284337991"
"4270.3488372093","-22.6418390158333"
"4272.77131782946","-22.8049768122938"
"4275.19379844961","-22.9333468353223"
"4277.61627906977","-23.0129111045192"
"4280.03875968992","-23.1026811409831"
"4282.46124031008","-23.1529354825716"
"4284.88372093023","-23.1917236507362"
"4287.30620155039","-23.1956838928863"
"4289.72868217054","-23.1863121170453"
"4292.1511627907","-23.1762095694265"
"4294.57364341085","-23.1497664506567"
"4296.99612403101","-23.129193114733"
"4299.41860465116","-23.1123979265921"
"4301.84108527132","-23.1097194596739"
"4304.26356589147","-23.1287317006935"
"4306.68604651163","-23.167582070981"
"4309.10852713178","-23.2163750285472"
"4311.53100775194","-23.3246091561187"
"4313.95348837209","-23.4145786711371"
"4316.37596899225","-23.5483068916484"
"4318.7984496124","-23.6864256177161"
"4321.22093023256","-23.8324148047745"
"4323.64341085271","-23.9846760591166"
"4326.06589147287","-24.1472710430185"
"4328.48837209302","-24.2952494354641"
"4330.91085271318","-24.4366553934282"
"4333.33333333333","-24.5658385468282"
"4335.75581395349","-24.6939739300383"
"4338.17829457364","-24.8257974393228"
"4340.6007751938","-24.9128834795004"
"4343.02325581395","-24.9942080274789"
"4345.44573643411","-25.0724951420553"
"4347.86821705426","-25.126792469762"
"4350.29069767442","-25.2051561316528"
"4352.71317829457","-25.271393592761"
"4355.13565891473","-25.3361753530278"
"4357.55813953488","-25.3836958351046"
"4359.98062015504","-25.4482140591008"
"4362.40310077519","-25.5210308252398"
"4364.82558139535","-25.613194398967"
"4367.2480620155","-25.6886324904794"
"4369.67054263566","-25.8083459960763"
"4372.09302325581","-25.9033276741345"
"4374.51550387597","-25.9819679568056"
"4376.93798449612","-26.0789363336201"
"4379.36046511628","-26.1961145652364"
"4381.78294573643","-26.3546338995781"
"4384.20542635659","-26.4989608726675"
"4386.62790697674","-26.6395165017126"
"4389.0503875969","-26.77536813843"
"4391.47286821705","-26.9406414943946"
"4393.89534883721","-27.1278590175645"
"4396.31782945736","-27.2735284899953"
"4398.74031007752","-27.4237825638698"
"4401.16279069767","-27.5623126728414"
"4403.58527131783","-27.7336530527692"
"4406.00775193798","-27.8817804547513"
"4408.43023255814","-28.0482939222795"
"4410.85271317829","-28.2193032665268"
"4413.27519379845","-28.3837117393249"
"4415.6976744186","-28.5244358377802"
"4418.12015503876","-28.6794257301346"
"4420.54263565891","-28.8114370741579"
"4422.96511627907","-28.918705337326"
"4425.38759689923","-29.0236283449478"
"4427.81007751938","-29.1003875578514"
"4430.23255813953","-29.168352577311"
"4432.65503875969","-29.2051506115195"
"4435.07751937985","-29.2500999616543"
"4437.5","-29.2634187465066"
"4439.92248062015","-29.2762327825208"
"4442.34496124031","-29.2463929250345"
"4444.76744186046","-29.235282353687"
"4447.18992248062","-29.1735705797999"
"4449.61240310077","-29.1386433631906"
"4452.03488372093","-29.1075020213766"
"4454.45736434108","-28.9935173592436"
"4456.87984496124","-28.892711442334"
"4459.3023255814","-28.7941822140279"
"4461.72480620155","-28.6517547880213"
"4464.14728682171","-28.5399717836723"
"4466.56976744186","-28.4220787839212"
"4468.99224806202","-28.2871780244652"
"4471.41472868217","-28.1771676647736"
"4473.83720930233","-28.0789689593425"
"4476.25968992248","-27.9791578006081"
"4478.68217054264","-27.9406835614406"
"4481.10465116279","-27.9293509954338"
"4483.52713178295","-27.943668471921"
"4485.9496124031","-28.0009198635386"
"4488.37209302326","-28.0863884635516"
"4490.79457364341","-28.211087374567"
"4493.21705426357","-28.3749454985593"
"4495.63953488372","-28.5380743697031"
"4498.06201550388","-28.7216907319794"
"4500.48449612403","-28.8926980685969"
"4502.90697674419","-29.0403475136792"
"4505.32945736434","-29.1345119847521"
"4507.7519379845","-29.2691985838053"
"4510.17441860465","-29.4345848696109"
"4512.59689922481","-29.4707280948401"
"4515.01937984496","-29.6263988372565"
"4517.44186046512","-29.6880275651014"
"4519.86434108527","-29.7672192998167"
"4522.28682170543","-29.8602279885401"
"4524.70930232558","-29.8189733544401"
"4527.13178294574","-29.8382407742945"
"4529.55426356589","-29.8273734414143"
"4531.97674418605","-29.8227484829546"
"4534.3992248062","-29.8123389576188"
"4536.82170542636","-29.8712622197484"
"4539.24418604651","-29.9037529960787"
"4541.66666666667","-29.9243340509623"
"4544.08914728682","-29.9873546160976"
"4546.51162790698","-30.0974429543022"
"4548.93410852713","-30.2160044081105"
"4551.35658914729","-30.3943946333394"
"4553.77906976744","-30.5982058993012"
"4556.2015503876","-30.7914091152908"
"4558.62403100775","-31.0367144425014"
"4561.04651162791","-31.3144548632034"
"4563.46899224806","-31.6121673041583"
"4565.89147286822","-31.9143404696999"
"4568.31395348837","-32.2563473189746"
"4570.73643410853","-32.6318125821827"
"4573.15891472868","-32.9697523160033"
"4575.58139534884","-33.2593023635422"
"4578.00387596899","-33.5451379624894"
"4580.42635658915","-33.8883019087269"
"4582.8488372093","-34.1306594612084"
"4585.27131782946","-34.3109632570758"
"4587.69379844961","-34.5614695874234"
"4590.11627906977","-34.7092833181514"
"4592.53875968992","-34.9447473248991"
"4594.96124031008","-35.1104333034666"
"4597.38372093023","-35.2264382033167"
"4599.80620155039","-35.4523782661512"
"4602.22868217054","-35.4733190944481"
"4604.6511627907","-35.5191916148442"
"4607.07364341085","-35.5369070099704"
"4609.49612403101","-35.5506827437295"
"4611.91860465116","-35.5381438169034"
"4614.34108527132","-35.6150392981516"
"4616.76356589147","-35.6533353591843"
"4619.18604651163","-35.7162046625651"
"4621.60852713178","-35.8648456044648"
"4624.03100775194","-36.0141788056756"
"4626.45348837209","-36.2384839934047"
"4628.87596899225","-36.5145614016235"
"4631.2984496124","-36.7571602579796"
"4633.72093023256","-37.0455550304771"
"4636.14341085271","-37.360316094168"
"4638.56589147287","-37.6555363187818"
"4640.98837209302","-37.9755297432206"
"4643.41085271318","-38.224474984496"
"4645.83333333333","-38.5772687533688"
"4648.25581395349","-38.8406824910446"
"4650.67829457364","-39.0912533967325"
"4653.1007751938","-39.0886283909175"
"4655.52325581395","-39.0560155913423"
"4657.94573643411","-39.0287555422088"
"4660.36821705426","-38.8748739823066"
"4662.79069767442","-38.6193544383413"
"4665.21317829457","-38.3210508127447"
"4667.63565891473","-37.8170698993525"
"4670.05813953488","-37.3391161983867"
"4672.48062015504","-36.8728016433939"
"4674.90310077519","-36.327660315448"
"4677.32558139535","-35.8644462835445"
"4679.7480620155","-35.4223067916666"
"4682.17054263566","-35.0799874416512"
"4684.59302325581","-34.7428930960052"
"4687.01550387597","-34.4520731409415"
"4689.43798449612","-34.1870495270383"
"4691.86046511628","-34.0475870724228"
"4694.28294573643","-33.9692878669181"
"4696.70542635659","-33.9355536768645"
"4699.12790697674","-33.9186548220456"
"4701.5503875969","-33.929528055149"
"4703.97286821705","-33.9365271600184"
"4706.39534883721","-33.9568719214724"
"4708.81782945736","-33.9681953346954"
"4711.24031007752","-33.9130230705891"
"4713.66279069767","-33.8992446101164"
"4716.08527131783","-33.8143425741489"
"4718.50775193798","-33.6661495602203"
"4720.93023255814","-33.4971854982164"
"4723.35271317829","-33.318662790789"
"4725.77519379845","-33.092739639147"
"4728.1976744186","-32.8826343164115"
"4730.62015503876","-32.6252798096994"
"4733.04263565891","-32.3868967715973"
"4735.46511627907","-32.0488502729886"
"4737.88759689923","-31.7731139573675"
"4740.31007751938","-31.5296423182802"
"4742.73255813953","-31.2788355187533"
"4745.15503875969","-31.0727494545119"
"4747.57751937985","-30.8790405617535"
"4750","-30.7198300798259"
"4752.42248062015","-30.6215724865806"
"4754.84496124031","-30.5935710397174"
"4757.26744186046","-30.5524388642193"
"4759.68992248062","-30.5258990669479"
"4762.11240310077","-30.5627587538152"
"4764.53488372093","-30.5376194174468"
"4766.95736434108","-30.5402925060514"
"4769.37984496124","-30.4678702546731"
"4771.8023255814","-30.4672173053944"
"4774.22480620155","-30.3576368642077"
"4776.64728682171","-30.2769566722819"
"4779.06976744186","-30.1619885483526"
"4781.49224806202","-30.0114105318174"
"4783.91472868217","-29.8837093336435"
"4786.33720930233","-29.6828466047339"
"4788.75968992248","-29.4945700198362"
"4791.18217054264","-29.3163701246935"
"4793.60465116279","-29.1159903928212"
"4796.02713178295","-28.9198692625605"
"4798.4496124031","-28.6813259779282"
"4800.87209302326","-28.4386271790773"
"4803.29457364341","-28.2207000758009"
"4805.71705426357","-27.9802013641973"
"4808.13953488372","-27.7648009933001"
"4810.56201550388","-27.5386009106397"
"4812.98449612403","-27.336277496964"
"4815.40697674419","-27.1674693083334"
"4817.82945736434","-27.0110544333592"
"4820.2519379845","-26.9177556430014"
"4822.67441860465","-26.8308913759434"
"4825.09689922481","-26.7719048479672"
"4827.51937984496","-26.7343700893623"
"4829.94186046512","-26.7328821498159"
"4832.36434108527","-26.7039254126012"
"4834.78682170543","-26.6765328603608"
"4837.20930232558","-26.6477119599738"
"4839.63178294574","-26.6083816356652"
"4842.05426356589","-26.555039919514"
"4844.47674418605","-26.4565593358116"
"4846.8992248062","-26.3495727326445"
"4849.32170542636","-26.2017910265399"
"4851.74418604651","-26.0412858736563"
"4854.16666666667","-25.8653703868631"
"4856.58914728682","-25.6982266104451"
"4859.01162790698","-25.480017208007"
"4861.43410852713","-25.2936329794413"
"4863.85658914729","-25.1152210342008"
"4866.27906976744","-24.9237521906289"
"4868.7015503876","-24.7753651183795"
"4871.12403100775","-24.6382997261964"
"4873.54651162791","-24.5736460231576"
"4875.96899224806","-24.5051112219014"
"4878.39147286822","-24.4996118957905"
"4880.81395348837","-24.52349667192"
"4883.23643410853","-24.5738931172809"
"4885.65891472868","-24.6421145946259"
"4888.08139534884","-24.6972474167891"
"4890.50387596899","-24.7412458641631"
"4892.92635658915","-24.8257019841682"
"4895.3488372093","-24.8461208667682"
"4897.77131782946","-24.8437790524608"
"4900.19379844961","-24.8324914039218"
"4902.61627906977","-24.7905919248021"
"4905.03875968992","-24.6991495591139"
"4907.46124031008","-24.5819331580357"
"4909.88372093023","-24.4399858538218"
"4912.30620155039","-24.2947873362542"
"4914.72868217054","-24.153869958177"
"4917.1511627907","-24.0004644397889"
"4919.57364341085","-23.8369969448444"
"4921.99612403101","-23.6404061804615"
"4924.41860465116","-23.4603000487057"
"4926.84108527132","-23.2507260851865"
"4929.26356589147","-23.0525654157298"
"4931.68604651163","-22.853322547991"
"4934.10852713178","-22.71182869451"
"4936.53100775194","-22.5711400875974"
"4938.95348837209","-22.4976699276367"
"4941.37596899225","-22.4801807973663"
"4943.7984496124","-22.4466947367157"
"4946.22093023256","-22.451011739214"
"4948.64341085271","-22.4634900151432"
"4951.06589147287","-22.4884688831929"
"4953.48837209302","-22.4965576063616"
"4955.91085271318","-22.5192978260079"
"4958.33333333333","-22.4736457840346"
"4960.75581395349","-22.446491266096"
"4963.17829457364","-22.4047011645182"
"4965.6007751938","-22.3573568537101"
"4968.02325581395","-22.3178949436946"
"4970.44573643411","-22.2881954332871"
"4972.86821705426","-22.2252333523497"
"4975.29069767442","-22.1861120171767"
"4977.71317829457","-22.1704884638194"
"4980.13565891473","-22.1819577213136"
"4982.55813953488","-22.2018490793911"
"4984.98062015504","-22.2409326973179"
"4987.40310077519","-22.2524097232579"
"4989.82558139535","-22.3120319249588"
"4992.2480620155","-22.3449965708928"
"4994.67054263566","-22.4110523647905"
"4997.09302325581","-22.4786316258486"
"4999.51550387597","-22.5539052161132"
"5001.93798449612","-22.5898754065995"
"5004.36046511628","-22.6494958038602"
"5006.78294573643","-22.7115427543615"
"5009.20542635659","-22.7469537923438"
"5011.62790697674","-22.7744012416598"
"5014.0503875969","-22.8152362969933"
"5016.47286821705","-22.8462323530392"
"5018.89534883721","-22.8580070031388"
"5021.31782945736","-22.9183203600939"
"5023.74031007752","-22.997811409037"
"5026.16279069767","-23.127463189952"
"5028.58527131783","-23.2257557983919"
"5031.00775193798","-23.352471653562"
"5033.43023255814","-23.4960221837033"
"5035.85271317829","-23.6697350447489"
"5038.27519379845","-23.8694795306229"
"5040.6976744186","-24.0451068717668"
"5043.12015503876","-24.2241979303666"
"5045.54263565891","-24.4173334018954"
"5047.96511627907","-24.5827836145339"
"5050.38759689923","-24.7466642493522"
"5052.81007751938","-24.8971975421483"
"5055.23255813953","-25.0229698653294"
"5057.65503875969","-25.1223295109814"
"5060.07751937985","-25.2228019985924"
"5062.5","-25.2953143196078"
"5064.92248062015","-25.3480201243047"
"5067.34496124031","-25.3557232493655"
"5069.76744186046","-25.3529732053354"
"5072.18992248062","-25.3191225087197"
"5074.61240310077","-25.2611234702367"
"5077.03488372093","-25.2163240056831"
"5079.45736434108","-25.1642564998062"
"5081.87984496124","-25.1073031613527"
"5084.3023255814","-25.0865509870817"
"5086.72480620155","-25.0686044931803"
"5089.14728682171","-25.0967826340292"
"5091.56976744186","-25.1568477758817"
"5093.99224806202","-25.2415314386578"
"5096.41472868217","-25.3303449400877"
"5098.83720930233","-25.4431974862324"
"5101.25968992248","-25.5808233332621"
"5103.68217054264","-25.7232148441655"
"5106.10465116279","-25.8650115275768"
"5108.52713178295","-26.0102886756871"
"5110.9496124031","-26.1179303875983"
"5113.37209302326","-26.2276977582059"
"5115.79457364341","-26.2738552083258"
"5118.21705426357","-26.3416761554276"
"5120.63953488372","-26.3730196537568"
"5123.06201550388","-26.3808577419922"
"5125.48449612403","-26.3526238060864"
"5127.90697674419","-26.3148980263218"
"5130.32945736434","-26.2358187749105"
"5132.7519379845","-26.1741036538245"
"5135.17441860465","-26.0664791191989"
"5137.59689922481","-25.989068784976"
"5140.01937984496","-25.8883416360992"
"5142.44186046512","-25.7694359725269"
"5144.86434108527","-25.6671770949104"
"5147.28682170543","-25.5808500397454"
"5149.70930232558","-25.5184044089976"
"5152.13178294574","-25.4984957288665"
"5154.55426356589","-25.5084788638373"
"5156.97674418605","-25.5250176660998"
"5159.3992248062","-25.5684814344533"
"5161.82170542636","-25.6323528680557"
"5164.24418604651","-25.709888636581"
"5166.66666666667","-25.8138029837487"
"5169.08914728682","-25.9491938082925"
"5171.51162790698","-26.0892631548119"
"5173.93410852713","-26.2206420531055"
"5176.35658914729","-26.3009676395897"
"5178.77906976744","-26.382688544931"
"5181.2015503876","-26.4165473625702"
"5183.62403100775","-26.4496816838761"
"5186.04651162791","-26.4575775013472"
"5188.46899224806","-26.4443472236249"
"5190.89147286822","-26.3839345849102"
"5193.31395348837","-26.2838856554032"
"5195.73643410853","-26.1861000943103"
"5198.15891472868","-26.1004093367616"
"5200.58139534884","-26.0056050183413"
"5203.00387596899","-25.9238910872024"
"5205.42635658915","-25.8152107335703"
"5207.8488372093","-25.750639998769"
"5210.27131782946","-25.726263154755"
"5212.69379844961","-25.7297351976342"
"5215.11627906977","-25.7708430079111"
"5217.53875968992","-25.820633915006"
"5219.96124031008","-25.8906514396833"
"5222.38372093023","-25.9812680795605"
"5224.80620155039","-26.0258697382734"
"5227.22868217054","-26.068037401915"
"5229.6511627907","-26.0732197099359"
"5232.07364341085","-25.9786187003243"
"5234.49612403101","-25.8463168637819"
"5236.91860465116","-25.8597096739177"
"5239.34108527132","-25.983949940234"
"5241.76356589147","-26.0584201637298"
"5244.18604651163","-26.1436320383535"
"5246.60852713178","-26.1596792443387"
"5249.03100775194","-26.0927516114307"
"5251.45348837209","-26.0356002161036"
"5253.87596899225","-25.9203204897078"
"5256.2984496124","-25.7772470329067"
"5258.72093023256","-25.6221764864333"
"5261.14341085271","-25.4887260134032"
"5263.56589147287","-25.3663103840723"
"5265.98837209302","-25.2272651752669"
"5268.41085271318","-25.151401350373"
"5270.83333333333","-25.0378059188957"
"5273.25581395349","-24.9630602885026"
"5275.67829457364","-24.9029686886311"
"5278.1007751938","-24.8635770514403"
"5280.52325581395","-24.8175424925521"
"5282.94573643411","-24.7789707350921"
"5285.36821705426","-24.7346961240659"
"5287.79069767442","-24.6580649001612"
"5290.21317829457","-24.5565267684557"
"5292.63565891473","-24.4696124738993"
"5295.05813953488","-24.3559336194198"
"5297.48062015504","-24.2099231868277"
"5299.90310077519","-24.0554839510958"
"5302.32558139535","-23.8517282193129"
"5304.7480620155","-23.6674514527256"
"5307.17054263566","-23.4440405184534"
"5309.59302325581","-23.1743146975725"
"5312.01550387597","-22.9145965738903"
"5314.43798449612","-22.6315009390245"
"5316.86046511628","-22.3434333451462"
"5319.28294573643","-22.0683918779719"
"5321.70542635659","-21.8087170973846"
"5324.12790697674","-21.5510104929789"
"5326.5503875969","-21.3405807064317"
"5328.97286821705","-21.1518368282803"
"5331.39534883721","-21.0010021464938"
"5333.81782945736","-20.8931610941727"
"5336.24031007752","-20.8021778953706"
"5338.66279069767","-20.7595319175228"
"5341.08527131783","-20.7265348048088"
"5343.50775193798","-20.7096354688485"
"5345.93023255814","-20.6824579471679"
"5348.35271317829","-20.6493926661739"
"5350.77519379845","-20.6076538684359"
"5353.1976744186","-20.5528369775933"
"5355.62015503876","-20.4956808715257"
"5358.04263565891","-20.3992204361094"
"5360.46511627907","-20.2775550635456"
"5362.88759689922","-20.1356045292377"
"5365.31007751938","-19.9646200346096"
"5367.73255813953","-19.7562707405428"
"5370.15503875969","-19.5325912559354"
"5372.57751937984","-19.2710421679642"
"5375","-18.9932534286967"
"5377.42248062015","-18.6909121197021"
"5379.84496124031","-18.403175649115"
"5382.26744186046","-18.0817676985754"
"5384.68992248062","-17.7847631426223"
"5387.11240310077","-17.5100908493183"
"5389.53488372093","-17.2707372912696"
"5391.95736434108","-17.0869184729005"
"5394.37984496124","-16.9435719401394"
"5396.8023255814","-16.90497289831"
"5399.22480620155","-16.9024960641331"
"5401.64728682171","-16.9524174564379"
"5404.06976744186","-17.0541956303789"
"5406.49224806202","-17.1865953408989"
"5408.91472868217","-17.3270492187649"
"5411.33720930233","-17.4703621365266"
"5413.75968992248","-17.608644595666"
"5416.18217054264","-17.7278095995107"
"5418.60465116279","-17.7681843788455"
"5421.02713178295","-17.8298998263971"
"5423.4496124031","-17.8539025505486"
"5425.87209302326","-17.8639150259438"
"5428.29457364341","-17.878673279279"
"5430.71705426357","-17.8314065258264"
"5433.13953488372","-17.7330087890682"
"5435.56201550388","-17.6047293433276"
"5437.98449612403","-17.5071564872771"
"5440.40697674419","-17.3780374232779"
"5442.82945736434","-17.2371971994247"
"5445.2519379845","-17.0747269516671"
"5447.67441860465","-16.8704996864373"
"5450.09689922481","-16.6045985005861"
"5452.51937984496","-16.3060105691213"
"5454.94186046512","-16.0100855344874"
"5457.36434108527","-15.7561364139"
"5459.78682170543","-15.5491812187879"
"5462.20930232558","-15.3962410420188"
"5464.63178294574","-15.3208072500265"
"5467.05426356589","-15.292733041556"
"5469.47674418605","-15.3302568302657"
"5471.8992248062","-15.4224485705428"
"5474.32170542636","-15.5970771005197"
"5476.74418604651","-15.7369176540422"
"5479.16666666667","-15.8677266654197"
"5481.58914728682","-16.0318134469058"
"5484.01162790698","-16.2127503302646"
"5486.43410852713","-16.3738215211854"
"5488.85658914729","-16.5173531473312"
"5491.27906976744","-16.6465975587329"
"5493.7015503876","-16.7724167169156"
"5496.12403100775","-16.8704403065184"
"5498.54651162791","-16.9624369342558"
"5500.96899224806","-17.0381177154538"
"5503.39147286822","-17.1042535256904"
"5505.81395348837","-17.1668271698992"
"5508.23643410853","-17.2374527482713"
"5510.65891472868","-17.2652425034513"
"5513.08139534884","-17.3436464323129"
"5515.50387596899","-17.36456077195"
"5517.92635658915","-17.439219715658"
"5520.3488372093","-17.5108851361146"
"5522.77131782946","-17.6558447291582"
"5525.19379844961","-17.7658145303103"
"5527.61627906977","-17.8108983663116"
"5530.03875968992","-17.9634700635924"
"5532.46124031008","-18.1376834946336"
"5534.88372093023","-18.3274462602783"
"5537.30620155039","-18.5069465573757"
"5539.72868217054","-18.7212564143081"
"5542.1511627907","-18.916961050814"
"5544.57364341085","-19.0958170377931"
"5546.99612403101","-19.2764340531369"
"5549.41860465116","-19.4243353646714"
"5551.84108527132","-19.5272679398797"
"5554.26356589147","-19.622929315116"
"5556.68604651163","-19.6885395260353"
"5559.10852713178","-19.7253922859227"
"5561.53100775194","-19.7356962891014"
"5563.95348837209","-19.7520333618767"
"5566.37596899225","-19.7147909035249"
"5568.7984496124","-19.6676099128862"
"5571.22093023256","-19.6294343034866"
"5573.64341085271","-19.554217473212"
"5576.06589147287","-19.4905108975696"
"5578.48837209302","-19.4346134399521"
"5580.91085271318","-19.3920843836628"
"5583.33333333333","-19.3384991964558"
"5585.75581395349","-19.303045124953"
"5588.17829457364","-19.2714748249407"
"5590.6007751938","-19.2638741337013"
"5593.02325581395","-19.3046799100838"
"5595.44573643411","-19.3390653818763"
"5597.86821705426","-19.3647164179855"
"5600.29069767442","-19.4375239271334"
"5602.71317829457","-19.5534435911069"
"5605.13565891473","-19.6744906496251"
"5607.55813953488","-19.8146974670598"
"5609.98062015504","-19.9695441745051"
"5612.40310077519","-20.1271068127072"
"5614.82558139535","-20.3196270503615"
"5617.2480620155","-20.4656294018488"
"5619.67054263566","-20.6168906154878"
"5622.09302325581","-20.7681662026046"
"5624.51550387597","-20.8973857901157"
"5626.93798449612","-20.9948548116723"
"5629.36046511628","-21.1016972309812"
"5631.78294573643","-21.1798494833804"
"5634.20542635659","-21.2399746388117"
"5636.62790697674","-21.2843369696671"
"5639.0503875969","-21.3150214496169"
"5641.47286821705","-21.318955790409"
"5643.89534883721","-21.3454410069019"
"5646.31782945736","-21.34935687971"
"5648.74031007752","-21.3373007755373"
"5651.16279069767","-21.3162461336671"
"5653.58527131783","-21.3210635827478"
"5656.00775193798","-21.324432652555"
"5658.43023255814","-21.3240962728055"
"5660.85271317829","-21.3707762812842"
"5663.27519379845","-21.4225869008887"
"5665.6976744186","-21.4609140897132"
"5668.12015503876","-21.5186154540979"
"5670.54263565891","-21.5741711974062"
"5672.96511627907","-21.6101805800874"
"5675.38759689922","-21.6715302831357"
"5677.81007751938","-21.7140446874766"
"5680.23255813953","-21.7435807860594"
"5682.65503875969","-21.7692527999062"
"5685.07751937984","-21.7674399217475"
"5687.5","-21.7739964834586"
"5689.92248062015","-21.7495528681283"
"5692.34496124031","-21.7344577466154"
"5694.76744186046","-21.7055929532921"
"5697.18992248062","-21.654427577552"
"5699.61240310077","-21.6049900370885"
"5702.03488372093","-21.5433809253466"
"5704.45736434108","-21.4639636016965"
"5706.87984496124","-21.4209833997823"
"5709.3023255814","-21.3645431399709"
"5711.72480620155","-21.315541297542"
"5714.14728682171","-21.2781309245783"
"5716.56976744186","-21.2586819058556"
"5718.99224806202","-21.221761558497"
"5721.41472868217","-21.2258990081418"
"5723.83720930233","-21.2253353410704"
"5726.25968992248","-21.2304515287541"
"5728.68217054264","-21.2208005568779"
"5731.10465116279","-21.2060732631222"
"5733.52713178295","-21.1852702085154"
"5735.9496124031","-21.1498195634521"
"5738.37209302326","-21.1301808220763"
"5740.79457364341","-21.0793616436512"
"5743.21705426357","-21.0267191374674"
"5745.63953488372","-20.9415677288514"
"5748.06201550388","-20.8480787629142"
"5750.48449612403","-20.7340098177703"
"5752.90697674419","-20.6463439795394"
"5755.32945736434","-20.5354850017094"
"5757.7519379845","-20.4302035700546"
"5760.17441860465","-20.3039212074247"
"5762.59689922481","-20.2039287294615"
"5765.01937984496","-20.1029725920865"
"5767.44186046512","-20.0066503654787"
"5769.86434108527","-19.9440223326942"
"5772.28682170543","-19.8721353076898"
"5774.70930232558","-19.8284177066899"
"5777.13178294574","-19.8073483852525"
"5779.55426356589","-19.7800078007377"
"5781.97674418605","-19.7747914710091"
"5784.3992248062","-19.763659062209"
"5786.82170542636","-19.7791412701688"
"5789.24418604651","-19.7789345519658"
"5791.66666666667","-19.7614997570805"
"5794.08914728682","-19.7566195484484"
"5796.51162790698","-19.7165055033044"
"5798.93410852713","-19.6707590389598"
"5801.35658914729","-19.5857605092977"
"5803.77906976744","-19.5022425669912"
"5806.2015503876","-19.3878632737671"
"5808.62403100775","-19.2748882895375"
"5811.04651162791","-19.1212114520006"
"5813.46899224806","-18.9711357785631"
"5815.89147286822","-18.7988326703687"
"5818.31395348837","-18.6342689487021"
"5820.73643410853","-18.4554841031207"
"5823.15891472868","-18.285830527127"
"5825.58139534884","-18.1256844551985"
"5828.00387596899","-17.9684965196107"
"5830.42635658915","-17.8365566907232"
"5832.8488372093","-17.7091457619418"
"5835.27131782946","-17.6191530277545"
"5837.69379844961","-17.5504516157227"
"5840.11627906977","-17.5027113998758"
"5842.53875968992","-17.4724857291352"
"5844.96124031008","-17.4618237293922"
"5847.38372093023","-17.4583468526496"
"5849.80620155039","-17.4704122975052"
"5852.22868217054","-17.4743843595919"
"5854.6511627907","-17.4831999779366"
"5857.07364341085","-17.4837306101706"
"5859.49612403101","-17.4724281838789"
"5861.91860465116","-17.4355932640478"
"5864.34108527132","-17.3856994202084"
"5866.76356589147","-17.3286358712756"
"5869.18604651163","-17.2426540765046"
"5871.60852713178","-17.149249275077"
"5874.03100775194","-17.0483053590211"
"5876.45348837209","-16.9370782720734"
"5878.87596899225","-16.8307513769613"
"5881.2984496124","-16.7020187535333"
"5883.72093023256","-16.5863033755046"
"5886.14341085271","-16.4556632135763"
"5888.56589147287","-16.3437672917373"
"5890.98837209302","-16.2254860342688"
"5893.41085271318","-16.11521502037"
"5895.83333333333","-16.0173659327404"
"5898.25581395349","-15.9100696729667"
"5900.67829457364","-15.8170179869164"
"5903.1007751938","-15.7361231295354"
"5905.52325581395","-15.6560113615626"
"5907.94573643411","-15.5761083469674"
"5910.36821705426","-15.4970270690126"
"5912.79069767442","-15.4150639431543"
"5915.21317829457","-15.3255241995234"
"5917.63565891473","-15.2399392137584"
"5920.05813953488","-15.148669315667"
"5922.48062015504","-15.0496143806422"
"5924.90310077519","-14.9500777374373"
"5927.32558139535","-14.8352969352936"
"5929.7480620155","-14.7256125823368"
"5932.17054263566","-14.6179789979922"
"5934.59302325581","-14.5008802858368"
"5937.01550387597","-14.3921158437889"
"5939.43798449612","-14.2950014145944"
"5941.86046511628","-14.201893366429"
"5944.28294573643","-14.1207112482355"
"5946.70542635659","-14.0644428950621"
"5949.12790697674","-14.0184144576471"
"5951.5503875969","-13.9951141347663"
"5953.97286821705","-13.969025233649"
"5956.39534883721","-13.9665801388196"
"5958.81782945736","-13.967956020371"
"5961.24031007752","-13.9864220313021"
"5963.66279069767","-14.0104174557683"
"5966.08527131783","-14.0249907076114"
"5968.50775193798","-14.0329526306256"
"5970.93023255814","-14.0931641884392"
"5973.35271317829","-14.0917939963997"
"5975.77519379845","-14.0627115917127"
"5978.1976744186","-14.0287131679948"
"5980.62015503876","-14.0059066038457"
"5983.04263565891","-13.9461789861057"
"5985.46511627907","-13.8987834934965"
"5987.88759689922","-13.8287089099847"
"5990.31007751938","-13.7719272766082"
"5992.73255813953","-13.7443177879644"
"5995.15503875969","-13.7185048782592"
"5997.57751937984","-13.6921556228422"
"6000","-13.6459995653616"
